Type	Residual	ModelID	TotalMI
GROUND	4.71168157739	7470564	0.453175858838
