Type	Distance	ConditionalMI	TotalMI	ModelID	UnigramCE
GROUND	1	0.386532942204	0.453175858838	7470564	5.16485743623
GROUND	2	0.052058726152	0.453175858838	7470564	5.16485743623
GROUND	3	0.0104730456401	0.453175858838	7470564	5.16485743623
GROUND	4	0.00411114484123	0.453175858838	7470564	5.16485743623
