Type	Memory	Residual	ModelID	TotalMI
REAL_REAL	0.80788032333	8.48600237897	8109841	0.73620993579
REAL_REAL	0.80765596551	8.48612896154	3084819	0.73608335322
REAL_REAL	0.80840756758	8.48577810114	4913717	0.73643421362
