Type	Distance	ConditionalMI	TotalMI	ModelID	UnigramCE
REAL_REAL	1	0.67336172408	0.73620993579	8109841	9.22221231476
REAL_REAL	2	0.05402603588	0.73620993579	8109841	9.22221231476
REAL_REAL	3	0.00882217583	0.73620993579	8109841	9.22221231476
REAL_REAL	1	0.67328711157	0.73608335322	3084819	9.22221231476
REAL_REAL	2	0.05401987101	0.73608335322	3084819	9.22221231476
REAL_REAL	3	0.00877637064	0.73608335322	3084819	9.22221231476
REAL_REAL	1	0.67332256511	0.73643421362	4913717	9.22221231476
REAL_REAL	2	0.05424994306	0.73643421362	4913717	9.22221231476
REAL_REAL	3	0.00886170545	0.73643421362	4913717	9.22221231476
