Type	Distance	ConditionalMI	TotalMI	ModelID	UnigramCE
RANDOM_BY_TYPE	1	1.06888938384	1.2013969718	142077329	7.34993860434
RANDOM_BY_TYPE	2	0.13250758796	1.2013969718	142077329	7.34993860434
RANDOM_BY_TYPE	1	1.09693170685	1.25483740797	765854954	7.34993860434
RANDOM_BY_TYPE	2	0.15790570112	1.25483740797	765854954	7.34993860434
RANDOM_BY_TYPE	1	0.86469835021	1.01131554996	880237023	7.34993860434
RANDOM_BY_TYPE	2	0.14661719975	1.01131554996	880237023	7.34993860434
RANDOM_BY_TYPE	1	0.98165986707	1.1969859954	615790585	7.34993860434
RANDOM_BY_TYPE	2	0.21532612833	1.1969859954	615790585	7.34993860434
