Type	Memory	Residual	ModelID	TotalMI
RANDOM_BY_TYPE	1.33390455976	6.14854163254	142077329	1.2013969718
RANDOM_BY_TYPE	1.41274310909	6.09510119637	765854954	1.25483740797
RANDOM_BY_TYPE	1.15793274971	6.33862305438	880237023	1.01131554996
RANDOM_BY_TYPE	1.41231212373	6.15295260894	615790585	1.1969859954
