Type	Memory	Residual	ModelID	TotalMI
GROUND	0.3788844178	8.1295006676	9945110	0.3761222664
GROUND	0.37720211309	8.13054589194	4455576	0.37507704206
GROUND	0.37783337107	8.13010964646	5233326	0.37551328754
GROUND	0.38137478483	8.12838576316	646742	0.37723717084
GROUND	0.37913587608	8.12938461909	1468687	0.37623831491
