Type	Memory	Residual	ModelID	TotalMI
RANDOM_BY_TYPE	0.95778796646	6.6162119097	778234912	0.90653033526
RANDOM_BY_TYPE	0.95373125559	6.60784495396	74167080	0.914897291
RANDOM_BY_TYPE	0.98420861962	6.59505522651	51758136	0.92768701845
RANDOM_BY_TYPE	1.06218387986	6.59913942616	345099101	0.9236028188
RANDOM_BY_TYPE	1.07430510059	6.53877364956	78129681	0.9839685954
RANDOM_BY_TYPE	0.84482273566	6.76770442533	298653865	0.75503781963
